95558	银行	中信银行
95566	银行	中国银行
95559	银行	交通银行
95595	银行	中国光大银行
95561	银行	兴业银行
95599	银行	中国农业银行
95577	银行	华夏银行
95588	银行	中国工商银行
4008308003	银行	广东发展银行
95533	银行	中国建设银行
95555	银行	招商银行
95568	银行	中国民生银行
95528	银行	上海浦东发展银行
95501	银行	深圳发展银行
95580	银行	中国邮政储蓄银行
8008301880	银行	花旗银行
8008302880	银行	汇丰银行
8008208088	银行	渣打银行
4006699999	银行	平安银行
95516	银行	中国银联
95526	银行	北京银行
4008896198	银行	北京农商银行
4008996699	银行	广州银行
4006962999	银行	上海农商银行
95527	银行	浙商银行
4006996666	银行	盛京银行
4008888811	银行	渤海银行
4008888508	银行	杭州银行
4008696098	银行	江苏银行
4006096358	银行	哈尔滨银行
4006960296	银行	天津银行
68533333	银行	厦门国际银行
4008896400	银行	南京银行
4006096155	银行	天津农商银行
021-962888	银行	上海银行
4007096899	银行	重庆银行
4001961200	银行	深圳农村商业银行
0591-96319	银行	厦门银行
96699	银行	温州银行
4006696528	银行	台州银行
4006129999	银行	河北银行
4008939999	银行	福建海峡银行
4006796511	银行	长沙银行
029-96779	银行	西安银行
4006896511	银行	成都银行
4006096588	银行	齐鲁银行
4006696588	银行	青岛银行
4008896588	银行	微商银行
0731-965599	银行	华融湘江银行
4008896266	银行	南昌银行
95105588	银行	晋商银行
0951-96558	银行	宁夏银行
4008138888	银行	恒丰银行
4006640099	银行	大连银行
4008896666	银行	吉林银行
4008896799	银行	兰州银行
4001196033	银行	贵州银行
4001196228	银行	东莞银行
0374-967585	银行	郑州银行
0773-96299	银行	桂林银行
0595-96312	银行	泉州银行
0315-96368	银行	唐山市商业银行
0633-96588	银行	日照银行
027-96558	银行	汉口银行
4008308008	银行	恒生银行
8008303811	银行	东亚银行
4008208988	银行	星展银行
4008940089	银行	永亨银行
4006702888	银行	华侨银行
4006789001	银行	友利银行
4008302066	银行	南洋商业银行
4006509226	银行	韩亚银行
4006508899	银行	德意志银行
0412-96178	银行	鞍山银行
0317-96328	银行	沧州银行
0314-96368	银行	承德银行
0355-96515	银行	长治市商业银行
0571-96527	银行	稠州银行
4008886826	银行	大华银行
4001196588	银行	大同市商业银行
4007096658	银行	丹东银行
0546-96588	银行	东营银行
0534-96588	银行	德州银行
0477-96622	银行	鄂尔多斯银行
4008888765	银行	法国兴业银行
0413-96663	银行	抚顺银行
020-961111	银行	广州农商银行
0797-96296	银行	赣州银行
0771-96288	银行	广西北部湾银行
4001196656	银行	葫芦岛银行
4008096528	银行	湖州银行
96599	银行	湖北银行
95105757	银行	晋城银行
4006535666	银行	晋中市商业银行
0416-96178	银行	锦州银行
0573-96528	银行	嘉兴银行
0792-96202	银行	九江银行
4006770537	银行	济宁银行
0391-96368	银行	焦作市商业银行
4006696569	银行	昆仑银行
0419-96678	银行	辽阳银行
4006458888	银行	龙江银行
4006996588	银行	临商银行
0379-96699	银行	洛阳银行
0772-96289	银行	柳州银行
0830-3111818	银行	泸州市商业银行
0833-96811	银行	乐山市商业银行
0576-96521	银行	民泰商业银行
8008302066	银行	南洋银行
4008096019	银行	内蒙古银行
0377-61639999	银行	南阳银行
028-96869	银行	南充市商业银行
0812-3601973	银行	攀枝花市商业银行
4008888883	银行	青海银行
0533-96588	银行	奇商银行
0575-96528	银行	绍兴银行
0793-96233	银行	上饶银行
0398-96558	银行	三门峡银行
0825-2922222	银行	遂宁市商业银行
0410-96668	银行	铁岭市商业银行
0576-96575	银行	泰隆商业银行
0538-96588	银行	泰安市商业银行
0473-965188	银行	乌海银行
4006196588	银行	潍坊银行
4000096636	银行	威海市商业银行
0991-96518	银行	乌鲁木齐商业银行
4006688600	银行	新韩银行
0319-96306	银行	邢台银行
0376-96688	银行	信阳银行
4006753999	银行	新乡银行
4001156000	银行	阳泉市商业银行
4007896718	银行	营口银行
4008311777	银行	烟台银行
0831-96578	银行	宜宾市商业银行
0313-96368	银行	张家口市商业银行
0421-96667	银行	朝阳银行
0731-967585	银行	郑州银行
4000208886	银行	驻马店银行
4008800338	银行	珠海华润银行
0813-96813	银行	自贡市商业银行
0852-96036	银行	遵义市商业银行
83579988	银行	中国进出口银行
68085370	银行	中国农业发展银行
023-96968	银行	重庆三峡银行
95518	保险	中国人保财产保险
95519	保险	中国人寿保险
95511	保险	中国平安人寿保险
95512	保险	中国平安财产保险
95589	保险	太平人寿保险
95585	保险	中华联合财险
95105535	保险	华农财险
95105667	保险	安华农业保险
4006116666	保险	渤海财险
95550	保险	天平汽车保险
95506	保险	民安保险
4006995566	保险	中银保险
95569	保险	安邦财险
95505	保险	天安保险
95552	保险	永城财险
95566	保险	华安财险
95502	保险	永安财险
4006095509	保险	华泰保险
95510	保险	阳光财险
4008895586	保险	都邦财险
95590	保险	大地保险
95567	保险	新华人寿保险
95500	保险	太平洋保险
95522	保险	泰康人寿
8008203588	保险	美国友邦保险
95592	保险	长安责任保险
95535	保险	生命人寿保险
95507	保险	大众保险
95591	保险	中国人民健康保险
95515	保险	合众人寿保险
95596	保险	民生人寿保险
4006012345	保险	华泰电话车险
4006095509	保险	华泰财险
4008895509	保险	华泰人寿
4008883636	保险	中德安联人寿保险
4007795581	保险	嘉禾人寿
95545	保险	中英人寿保险
95576	保险	长城人寿保险
4008200081	保险	安信农业保险
4008868199	保险	安盟保险
4008161688	保险	中荷人寿保险
4008109339	保险	瑞泰人寿保险
4008101888	保险	中航三星保险
4008888288	保险	招商信诺人寿保险
4006705566	保险	金盛保险
4008188888	保险	中宏保险
4008188699	保险	恒安标准人寿保险
95105698	保险	光大永明保险
4008188168	保险	中美大都会人寿保险
4008208599	保险	长生人寿保险
95105768	保险	海康人寿保险
4006999100	保险	百年人寿保险
4008008008	保险	新兴海航人寿保险
4006368888	保险	中新大东方保险
95549	保险	国华人寿保险
4008280018	保险	紫金财险
4008888136	保险	鼎和财险
95560	保险	幸福人寿保险
4008893311	保险	正德人寿保险
4007000777	保险	华夏人寿保险
4008895598	保险	英大人寿
4006008890	保险	信泰人寿
4008118899	保险	昆仑健康保险
95587	证券	中信建投证券公司
4008001001	证券	安信证券
4008888888	证券	银河证券
4008895548	证券	中信证券
020-95575	证券	广发证券金管家专线
95521	证券	国泰君安证券
4008895618	证券	民族证券
4006989898	证券	新时代证券
4008888128	证券	德邦证券
95523	证券	申银万国证券
95536	证券	国信证券
4006008008	证券	中投证券
0769-961130	证券	东莞证券
95525	证券	光大证券
95578	证券	国元证券
95597	证券	华泰证券
95579	证券	长江证券
4006600109	证券	国金证券
95531	证券	东海证券
4008096096	证券	西南证券
4008696336	证券	财通证券
4008000562	证券	宏源证券
95565	证券	招商证券
4006515988	证券	渤海证券
95538	证券	齐鲁证券
4008881888	证券	第一创业证券
0871-3577888	证券	红塔山证券
4008888133	证券	万联证券
4008008899	证券	信达证券
4006898888	证券	华龙证券
95571	证券	方正证券
4008222111	证券	国盛证券
0755-83710885	证券	银泰证券
4008866567	证券	中航证券
95503	证券	东方证券
4008169169	证券	大通证券
4008802888	证券	华林证券
4006200620	证券	首创证券
4006662288	证券	江海证券
95563	证券	国海证券
4008888228	证券	金元证券
4008211357	证券	航天证券
4006128888	证券	财达证券
4006609839	证券	日信证券
4008918918	证券	上海证券
4008888818	证券	华西证券
4008698698	证券	英大证券
4008188118	证券	国都证券
4001022011	证券	中山证券
95582	证券	西部证券
95553	证券	海通证券
0571-85026880	网上购物	淘宝网
4006065500	网上购物	京东商城
4007116699	网上购物	当当网
4000123888	网上购物	聚美优品
4000001818	网上购物	乐蜂网
4000071111	网上购物	一号店
4006507099	网上购物	凡客诚品
4001580909	网上购物	库巴网
95105225	网上购物	麦考林
4008810400	网上购物	好乐买
4008901888	网上购物	V+
4008199777	网上购物	国美电器网上商城
4001638888	网上购物	优购网
4006700055	网上购物	丝芙兰
4006528528	网上购物	麦包包
4008219988	网上购物	邦购网
4006965566	网上购物	乐淘
4008198198	网上购物	苏宁易购
4007162828	网上购物	梦芭莎
4000517317	网上购物	拉手网
4006605335	网上购物	美团网
4000155555	网上购物	窝窝团
4000001666	网上购物	嘀嗒网
4008105666	网上购物	亚马逊
4006160066	网上购物	红孩子
4006888887	网上购物	糯米网
4008184371	网上购物	时尚起义
0755-61369988	互联网	腾讯
59928888	互联网	百度
65986000	互联网	雅虎中国
59178888	互联网	微软中国
021-51702373	互联网	土豆
58851881	互联网	优酷
95105959	互联网	搜狐
4006782020	互联网	搜狐焦点房地产网
4008001688	互联网	阿里巴巴
020-83568090	互联网	网易
4006900000	互联网	新浪网
027-82660276	互联网	人人网
4008205527	互联网	大众点评
4007895858	互联网	58团购客服
4006003456	互联网	万网
4008300777	知名企业	格兰仕
4008281888	知名企业	春兰
4006999999	知名企业	海尔
4008180280	知名企业	东芝
4008800016	知名企业	康佳
4007006333	知名企业	荣事达
4008111666	知名企业	长虹
4008365315	知名企业	格力
4008899999	知名企业	西门子
4008899315	知名企业	美的
4008123456	知名企业	TCL
4008665555	知名企业	创维
95105801	知名企业	伊莱克斯
4008228228	知名企业	小天鹅
4008100781	知名企业	松下
4008199999	知名企业	LG
4008981818	知名企业	夏普
4008105858	知名企业	三星
4006111111	知名企业	海信
4008288988	知名企业	史密斯
4008899717	知名企业	苏泊尔
4008099999	知名企业	科龙
8008201081	知名企业	大金
4006098888	知名企业	新飞
4006757888	知名企业	志高
4008875777	知名企业	夏新
4008268268	知名企业	奥克斯
95105958	知名企业	三洋
4001005678	知名企业	小米
57188156688	知名企业	支付宝
64096665	知名企业	先锋
4008222008	知名企业	联想
4006103888	知名企业	惠普
8008580888	知名企业	戴尔
4006668800	知名企业	苹果
4006006655	知名企业	华硕
4008109000	知名企业	索尼
4008988588	知名企业	优派
4008862668	知名企业	神州
4008101707	知名企业	纽曼
4007001000	知名企业	宏基
8008105888	知名企业	清华同方
4008800008	知名企业	飞利浦
62789898	知名企业	清华紫光
4006000666	知名企业	方正
4006688999	知名企业	万利达
4007009888	知名企业	Gateway
4008208387	知名企业	富士通
0755-33959911	知名企业	微星
020-38731788	知名企业	台电
4007799999	知名企业	七喜
4008800123	知名企业	诺基亚
4008105050	知名企业	摩托罗拉
4008218998	知名企业	HTC
4008201668	知名企业	多普达
0756-6120888	知名企业	魅族
4007000111	知名企业	步步高
4007796666	知名企业	金立
4008308218	知名企业	中兴
4006755619	知名企业	明泰
4007009966	知名企业	天语
4008308300	知名企业	华为
4008881388	知名企业	酷派
4008986616	知名企业	CECT中电通信
4001666888	知名企业	oppo
4008201665	知名企业	尼康
4006222666	知名企业	佳能
8008200861	知名企业	柯达
4008206300	知名企业	富士
4008880333	知名企业	明基
4006500303	知名企业	奥林巴斯
4006822138	知名企业	菜彩
8008203121	知名企业	理光
4008899591	知名企业	日立
4000888799	知名企业	JVC
65187889	知名企业	宾得
4006106666	知名企业	爱国者
4007006655	知名企业	卡西欧
4006282826	知名企业	唯彩
4008839858	知名企业	蓝魔
4008105526	知名企业	漫步者
8008305652	知名企业	麦博
8008200338	知名企业	罗技
4000909199	知名企业	惠威
4008837353	知名企业	朗琴
8009995328	知名企业	三诺
4008878007	知名企业	AOC冠捷
4006002888	知名企业	Pangoo盘古
4008886288	知名企业	华帝
4006881992	知名企业	火王燃器具
4007001111	知名企业	帅康
4000315315	知名企业	方太
4006717333	知名企业	阿里斯顿
4008365365	知名企业	苏宁电器
4008113333	知名企业	国美电器
4008171888	知名企业	一汽大众奥迪
4008006666	知名企业	BMW中国客服
4008181188	知名企业	奔驰中国客服
4008303666	知名企业	比亚迪
4008877108	知名企业	东风标致
4008806622	知名企业	东风本田
4007990000	知名企业	东风悦达起亚
4008888080	知名企业	奔腾
4008886677	知名企业	长安汽车
4008877766	知名企业	长安福特
4008002777	知名企业	长安马自达
8008077988	知名企业	长安铃木
4008001100	知名企业	北京现代
8008200068	知名企业	荣威
8008281088	知名企业	MG
8008202020	知名企业	别克
8008201902	知名企业	凯迪拉克
4008866688	知名企业	雪铁龙
4008201111	知名企业	上海大众
4008108000	快递服务	DHL快运
4008209868	快递服务	TNT快递
4008208388	快递服务	UPS快运
4008861888	快递服务	联邦快递
95543	快递服务	申通快递
4008111111	快递服务	顺丰速运
4006789000	快递服务	宅急送
11185	快递服务	中国邮政
95105366	快递服务	中铁快运
4008305555	快递服务	德邦物流
021-69777888	快递服务	圆通速递
021-39777777	快递服务	中通速递
6157333	快递服务	韵达快递
4008208198	快递服务	天天快递
021-62963636	快递服务	汇通快递
020-23305678	快递服务	鑫飞鸿速递
4001111119	快递服务	优速快递
40062011111	快递服务	港中能达
40010000001	快递服务	全峰快递
110	报警急救	报警电话
119	报警急救	火警
120	报警急救	急救
122	报警急救	交通事故
12110	报警急救	短信报警
999	报警急救	红十字会急救台
95119	报警急救	森林火警
12395	报警急救	水上求救
114	报警急救	查号台
10010	运营商	中国联通客户服务专线
10011	运营商	中国联通客户充值专线
10086	运营商	中国移动客户服务热线
1008611	运营商	中国移动话费查询服务
10000	运营商	中国电信客户服务热线
4008810000	运营商	中国电信集团投诉监督电话
18918910000	运营商	中国电信国际漫游客户服务热线
4008105518	运营商	中国电信VIP客户服务咨询电话
10050	运营商	铁通公司客户服务热线
11185	运营商	中国邮政客户服务中心
12580	运营商	中国移动综合信息服务平台
17900	运营商	中国电信IP接入号
17950	运营商	中国移动IP接入号
196	运营商	中国网通长途接入号
17910	运营商	中国联通IP接入号
17960	运营商	中国网通IP接入号
17990	运营商	中国铁通IP接入号
13800138000	运营商	中国移动话费充值热线
4001170170	外卖订餐	味多美
4007001864	外卖订餐	全聚德
4006766111	外卖订餐	金鼎轩
4008107107	外卖订餐	海底捞
4006007000	外卖订餐	宏状元
4006662799	外卖订餐	汉拿山
4008206998	外卖订餐	星巴克
4008887272	外卖订餐	棒约翰
4008823823	外卖订餐	肯德基
4008123123	外卖订餐	必胜客
4006927927	外卖订餐	真功夫
4008197197	外卖订餐	吉野家
4008800400	外卖订餐	丽华快餐
4007001008	外卖订餐	嘉和一品
4008927927	外卖订餐	一品三笑
4008517517	外卖订餐	麦当劳
4000520399	鲜花预定	酷花网
4008002610	鲜花预定	中国鲜花网
4006825360	鲜花预定	中国鲜花快递网
400888500	鲜花预定	中礼鲜花
4008898188	鲜花预定	中国鲜花礼品网
95583	航空公司	中国国际航空公司
95539	航空公司	中国南方航空公司
95530	航空公司	中国东方航空公司
950718	航空公司	海南航空公司
95080	航空公司	深圳航空公司
4008300999	航空公司	四川航空公司
4008810770	航空公司	奥地利航空公司
64598866	航空公司	汉莎航空公司
4006508000	航空公司	韩亚航空公司
001-8882472262	航空公司	加拿大航空公司
8008108282	航空公司	美国联合航空公司
4008828888	航空公司	全日空航空公司
0090-212-4440849	航空公司	土耳其航空公司
64591303	航空公司	埃及航空公司
85150088	航空公司	泰国航空公司
64532556	航空公司	新加坡航空公司
615127180	航空公司	芬兰航空公司
4008886628	航空公司	国泰航空公司
65679006	航空公司	澳洲航空公司
64590081	航空公司	英国航空公司
4008886628	航空公司	港龙航空公司
51088696	航空公司	阿联酋航空公司
58797358	航空公司	以色列航空公司
59235100	航空公司	卡塔尔航空公司
65529672	航空公司	俄罗斯西伯利亚航空公司
4008886998	航空公司	中华航空公司
4008865889	航空公司	长荣航空公司
4008886998	航空公司	华信航空公司
65870000	航空公司	新西兰航空公司
65061231	航空公司	蒙古航空公司
4006506690	航空公司	意大利航空公司
85325043	航空公司	比利亚泛非航空公司
10105858	航空公司	上海航空公司
4008140081	航空公司	国美达美航空公司
95539	航空公司	重庆航空公司
95557	航空公司	厦门航空公司
4006588888	航空公司	大韩航空公司
4008808808	航空公司	法国航空公司
4008808222	航空公司	荷兰皇家航空公司
64566970	航空公司	阿斯塔纳航空公司
65011557	航空公司	朝鲜航空公司
65051681	航空公司	巴基斯坦航空公司
64617208	航空公司	斯里兰卡航空公司
84541196	航空公司	越南航空公司
950715	航空公司	香港航空公司
95071999	航空公司	首都航空公司
0898-950710	航空公司	天津航空公司
64530166	航空公司	澳门航空公司
4008880808	航空公司	日本航空公司
4006870007	航空公司	华夏航空公司
4006096777	航空公司	山东航空公司
8004400296	航空公司	美国航空公司
8003335555	航空公司	俄罗斯航空公司
4006100099	航空公司	中国联合航空公司
95071950	航空公司	云南祥鹏航空
2585	咨询服务	铁路信息查询
221	咨询服务	气象综合信息
184	咨询服务	邮政编码查询
170	咨询服务	长途话费查询
106	咨询服务	国际长途查询
95105105	咨询服务	火车站订票热线
12306	咨询服务	全国铁路客户服务热线
88087733	咨询服务	一卡通客户服务中心咨询电话
12121	咨询服务	天气预报
12333	咨询服务	劳动保障政策咨询
683456678	咨询服务	地铁服务热线
12315	投诉举报	消费者举报
12358	投诉举报	价格监督
12365	投诉举报	质量监督
12309	投诉举报	职务犯罪举报
12369	投诉举报	环保监督
12366	投诉举报	税务
12320	投诉举报	公共卫生
95598	投诉举报	电力服务
12300	投诉举报	电信投诉
12338	投诉举报	妇女维权
12351	投诉举报	法律援助
12333	投诉举报	民工维权
12321	投诉举报	不良信息举报
96310	投诉举报	城管执法
12348	投诉举报	法律服务
12390	投诉举报	反盗版举报电话
12319	投诉举报	城建服务
12333	投诉举报	劳保政策咨询
96178	投诉举报	廉政投诉
96118	投诉举报	旅游投诉
96100	投诉举报	民政服务
96102	投诉举报	社保卡服务热线
12345	投诉举报	市长专线
12318	投诉举报	文化市场举报
160	投诉举报	信息咨询服务
12312	投诉举报	知识产权举报
12380	投诉举报	中共组织部举报
4008206666	旅游预订	携程旅行网
4006161616	旅游预订	艺龙旅行网
4008189588	旅游预订	9588旅行网
40066665511	旅游预订	住哪网
4006101688	旅游预订	金色世纪商旅网
4006669999	旅游预订	快乐e行
4006640066	旅游预订	芒果网
4007777777	旅游预订	同程网
4006786611	旅游预订	美亚旅行网
4007103636	旅游预订	途牛旅游网
4006869999	旅游预订	阳光旅行网
4006019119	旅游预订	游够旅行网
4000008888	旅游预订	悠哉旅游网
4006666699	旅游预订	驴妈妈旅游网
12122	市政便民	高速公路服务热线
59881114	市政便民	国家文化部
68301671	市政便民	国家审计署
63202114	市政便民	国家水利部
58881800	市政便民	科学技术部
58934114	市政便民	国家建设部
68551114	市政便民	财政部
58160600	市政便民	民政部
84201114	市政便民	劳动社会保障部
84228794	市政便民	人事部政策法规司
64193366	市政便民	农业部
62046622	市政便民	人口和计划生育委员会
62083114	市政便民	国家知识产权局
63605000	市政便民	国家烟草专卖局
65961114	市政便民	外交部
65194114	市政便民	海关总署
65292114	市政便民	交通部
66096114	市政便民	教育部
51841852	市政便民	铁道部运输局客运服务处
51847023	市政便民	铁道部纪检监察部门
68792114	市政便民	中国卫生部电话
68557177	市政便民	国家信息中心
84250361	市政便民	中国质量检验协会
88650000	市政便民	国家工商总局
65202114	市政便民	中国公安部
66580228	市政便民	中国残疾人联合会
65128321	市政便民	中国国家博物馆
66279113	市政便民	银监会
66210182	市政便民	中国证券监督管理委员会
12338	健康咨询	全国妇联妇女维权热线
16838198	健康咨询	全国妇联反家暴热线
12361	健康咨询	中国儿童少年基金会慈善募捐专线
12355	健康咨询	青少年法律与心理咨询热线
800810027	健康咨询	老年人心理危机免费救助热线
65132928	健康咨询	协和医科大学儿童心理咨询热线
8008101117	健康咨询	心理危机干预热线
4006012320	健康咨询	首都献血服务热线
62275550	健康咨询	性病艾滋病防治协会咨询热线
96096066	健康咨询	妇女宫颈癌筛查公益热线
65126600	健康咨询	中华骨髓信息热线
62350170	健康咨询	红十字血液中心
4008821119	租车热线	AVIS安飞士租车
4006166666	租车热线	神州租车
4008886608	租车热线	一嗨租车
4006751111	租车热线	车友租车
4006788588	租车热线	至尊租车
4001111777	租车热线	易到用车
4000918100	租车热线	太平洋租车
4007770888	租车热线	瑞卡租车
4008109090	租车热线	首汽租赁
4006663980	租车热线	千客租车
4006165666	租车热线	世友租车
4008740087	连锁酒店	7天连锁酒店
4008308331	连锁酒店	佳园连锁酒店
4008121121	连锁酒店	汉庭连锁酒店
4008209999	连锁酒店	锦江之星酒店
4008203333	连锁酒店	如家酒店
10102020	连锁酒店	莫泰168连锁酒店
4006038888	连锁酒店	速8酒店
4008886119	连锁酒店	24K国际连锁酒店
4006028158	连锁酒店	安逸158酒店
4006998998	连锁酒店	格林豪泰连锁酒店
4008802802	连锁酒店	布丁酒店
4008882888	连锁酒店	维也纳连锁酒店
4006665678	连锁酒店	南苑e家连锁酒店
4006181111	连锁酒店	佳驿酒店
4006456999	连锁酒店	尚客优酒店
4008190099	连锁酒店	桔子酒店
4001205900	连锁酒店	香格里拉酒店
8008302008	连锁酒店	洲际酒店
4008300251	连锁酒店	万豪酒店
4008865533	连锁酒店	希尔顿酒店
4006660660	连锁酒店	星程酒店
4006001615	连锁酒店	宜必思酒店
4006596596	连锁酒店	中州快捷酒店
4007007899	连锁酒店	城市便捷酒店
010-84025890	公益团体	红十字会
010-66083260	公益团体	中华慈善总会
021-52504617	公益团体	壹基金
010-82872688	公益团体	中国扶贫基金会
010-64035547	公益团体	中国青少年发展基金会
010-62752114	大学热线	北京大学
010-62782165	大学热线	清华大学
0571-85172244	大学热线	浙江大学
021-65642222	大学热线	复旦大学
025-83593186	大学热线	南京大学
021-34206500	大学热线	上海交通大学
027-68755114	大学热线	武汉大学
010-62511601	大学热线	中国人民大学
027-87541114	大学热线	华中科技大学
020-84113480	大学热线	中山大学
0431-85166420	大学热线	吉林大学
028-85406437	大学热线	四川大学
010-58800260	大学热线	北京师范大学
022-23508219	大学热线	南开大学
0731-88876834	大学热线	中南大学
0531-88564774	大学热线	山东大学
010-62896811	大学热线	中国农业大学
0551-3601000	大学热线	中国科技大学
029-82668888	大学热线	西安交通大学
0592-2186110	大学热线	厦门大学
022-27403536	大学热线	天津大学
021-62233333	大学热线	华东师范大学
021-65982200	大学热线	同济大学
020-87110000	大学热线	华南理工大学
0931-8911114	大学热线	兰州大学
024-83679262	大学热线	东北大学
852-28592111	大学热线	香港大学
020-85220114	大学热线	暨南大学
0451-86414060	大学热线	哈尔滨工业大学
010-82317114	大学热线	北京航空航天大学
4001800100	演出预订	QQ票务
4006103721	演出预订	中国票务在线
4008108080	演出预订	票务网
4006228228	演出预订	永乐票务
4008802880	演出预订	中票在线
4008201585	演出预订	一票通
4006776516	演出预订	看购电影（电影票）
4006782005	演出预订	网票网（电影票）
4006506811	演出预订	中国购票通
12580	高考查分	北京地区
1603888	高考查分	天津地区
118114	高考查分	上海地区
96040	高考查分	广东地区
16885678	高考查分	浙江地区
16889001	高考查分	广西地区
16885168	高考查分	湖南地区
9601166	高考查分	河南地区
12590333	高考查分	新疆地区
16866	高考查分	山东地区
12580	高考查分	四川地区
16860999	高考查分	江西地区
125809	高考查分	甘肃地区
1607788	高考查分	内蒙古地区
16887799	高考查分	江苏地区
16897799	高考查分	山西地区
1688001	高考查分	青海地区
961388	高考查分	辽宁地区
96833513	高考查分	西藏地区
010-64541100	机场热线	北京首都机场
021-96081388	机场热线	上海浦东机场
020-86137273	机场热线	广州白云机场
021-62683659	机场热线	上海虹桥机场
028-85205333	机场热线	成都双流机场
023-67150114	机场热线	重庆江北机场
029-88791114	机场热线	西安咸阳机场
025-968890	机场热线	南京禄口机场
027-85818658	机场热线	武汉天河机场
0571-86661236	机场热线	杭州潇山机场
0731-4797255	机场热线	长沙黄花机场
0871-7113231	机场热线	昆明巫家坝机场
0574-087427888	机场热线	宁波栎社机场
0755-27776789	机场热线	深圳宝安国际机场
0791-3982217	机场热线	南昌昌北机场
0531-96888	机场热线	济南遥墙机场
024-89392520	机场热线	沈阳桃仙机场
0898-88289389	机场热线	三亚凤凰机场
0898-65760114	机场热线	海口美兰机场
0591-28013249	机场热线	福州长乐机场
0592-6028940	机场热线	厦门高崎机场
0577-86874661	机场热线	温州永强机场
0551-3401199	机场热线	合肥骆岗机场
0851-5498908	机场热线	贵阳龙洞堡机场
0771-2095369	机场热线	南宁吴圩机场
0411-83885933	机场热线	大连周水子机场
0756-7771111	机场热线	珠海三灶机场
0773-2845359	机场热线	桂林两江机场
0532-96567	机场热线	青岛流亭机场
0351-7012355	机场热线	太原武宿机场
022-24902929	机场热线	天津滨海机场
0371-68511688	机场热线	郑州新郑机场
08852-21818888	机场热线	香港国际机场
0859-3120888	机场热线	兴义机场
0931-8168760	机场热线	兰洲中川机场
0888-5173081	机场热线	丽江机场
0451-82894220	机场热线	哈尔滨太平机场
0691-2159130	机场热线	西双版纳机场
0431-8797111	机场热线	长春龙嘉机场
0891-6246114	机场热线	拉萨贡嘎机场
0951-6912218	机场热线	银川河东机场
0759-3255002	机场热线	湛江机场
0991-3804224	机场热线	乌鲁木齐机场
0471-4941122	机场热线	呼和浩特白塔机场
0856-5938062	机场热线	铜仁机场
0535-6253777	机场热线	烟台菜山机场
96106	租车热线	北京市
96822	租车热线	上海市
96880	租车热线	天津市
96096	租车热线	重庆市
96900	租车热线	广州市
0755-96511	租车热线	深圳市
0898-66666666	租车热线	海口市
0898-88899911	租车热线	三亚市
968968	租车热线	福州市
0311-3622882	租车热线	石家庄
0371-68881188	租车热线	郑州市
0451-55531555	租车热线	哈尔滨
027-66667777	租车热线	武汉市
0731-83848460	租车热线	长沙市
0431-88937677	租车热线	长春市
965188	租车热线	南京市
0791-7117777	租车热线	南昌市
96158	租车热线	沈阳市
0471-8936669	租车热线	呼和浩特
028-87366228	租车热线	成都市
96576	租车热线	济南市
96716	租车热线	西安市
0351-3031188	租车热线	太原市
0991-6887081	租车热线	乌鲁木齐
0891-6826334	租车热线	拉萨市
0871-3312533	租车热线	昆明市
0931-8105841	租车热线	兰州市
0571-28811111	租车热线	杭州市
27292292	租车热线	香港
28519519	租车热线	澳门
0551-4211888	租车热线	合肥市
0592-6881151	租车热线	厦门市
0552-3061367	租车热线	蚌埠市
0558-2253113	租车热线	阜阳市
0553-3111111	租车热线	芜湖市
0555-2326799	租车热线	马鞍山市
0564-3213281	租车热线	六安市
0556-5535290	租车热线	安庆市
0554-2196333	租车热线	淮南市
0559-2512027	租车热线	黄山市
0594-5396225	租车热线	莆田市
0598-8222482	租车热线	三明市
0596-2054888	租车热线	漳州市
0597-2299110	租车热线	龙岩市
0937-23012345	租车热线	酒泉市
12580	租车热线	珠海市
0754-88239988	租车热线	汕头市
0751-8222999	租车热线	韶关市
0769-23102345	租车热线	东莞市
0757-83366998	租车热线	佛山市
965168	租车热线	惠州市
0753-2332333	租车热线	梅州市
0751-8222999	租车热线	韶关市
0758-2700400	租车热线	肇庆市
0771-23012345	租车热线	南宁市
0772-5134000	租车热线	柳州市
223082	租车热线	唐山市
36241	租车热线	秦皇岛
9610033	租车热线	洛阳市
0378-5511110	租车热线	开封市
0457-6999999	租车热线	大兴安岭
0717-6351100	租车热线	宜昌市
0733-28424446	租车热线	株洲市
0730-8620482	租车热线	岳阳市
0432-62017694	租车热线	吉林市
0514-87333233	租车热线	扬州市
88008800	租车热线	无锡市
0516-80101100	租车热线	徐州市
0512-67776777	租车热线	苏州市
96196	租车热线	常州市
0511-84412000	租车热线	镇江市
0512-96889699	租车热线	昆山市
0792-86289999	租车热线	九江市
96826	租车热线	大连市
0951-5056601	租车热线	银川市
0971-6150924	租车热线	西宁市
0532-86661661	租车热线	青岛市
0352-5025588	租车热线	大同市
0995-8522319	租车热线	吐鲁番
0574-87921850	租车热线	宁波市
0575-85333333	租车热线	绍兴市
010-82611818	教育培训	新东方
4006108908	教育培训	学而思
4000889090	教育培训	安博教育
4006168800	教育培训	环球雅思
4008209999	教育培训	弘成教育
4009997818	教育培训	北大青鸟
4006787007	教育培训	洪恩教育
010-56285034	教育培训	华育国际
4008101418	教育培训	火星时代
95105105	铁路订票	火车票订票电话
12306	铁路订票	铁路客服中心
96020088	铁路订票	广铁订票电话
96688688	铁路订票	西安铁路局订票电话
96006	铁路订票	成都铁路局订票电话
4000501699	足疗保健	华夏良子
023-68963193	足疗保健	富侨保健
4008866558	足疗保健	大足神农
(86)20-38799199	足疗保健	御足堂
025-84853810	足疗保健	足生堂
010-57835066	婚恋网	世纪佳缘
4000299520	婚恋网	百合网
4001520520	婚恋网	珍爱网
4006508800	婚恋网	绝对100
010-65991718	婚恋网	真情在线
87289999	婚恋网	聚缘婚恋网
4008819520	婚恋网	嫁我网
4008107107	连锁火锅	海底捞
400-623-6688	连锁火锅	澳门豆捞
023-89808691	连锁火锅	重庆刘一手
4008177878	连锁火锅	呷哺呷哺
4008002345	宜家家居	宜家家居
